{
    "type": "reple",
    "reple_info": {
        "about":{
            "title":"About",
            "contents":
            [
                {
                    "item_first":"Bilibili Link",
                    "item_last":"https://space.bilibili.com/248826433"
                },
                {
                    "item_first":"Github", 
                    "item_last":"https://github.com/CoffeeKiller1/Cafe_Shop"
                },
                {
                    "item_first":"Gitee", 
                    "item_last":"https://gitee.com/coffeekiller002/coffee_-shop"
                },
                {
                    "item_first":"Producer", 
                    "item_last":"Coffee(FengmStudio)"
                },
                {
                    "item_first":"Project Creation Time",
                    "item_last":"2023-06-28"
                },
                {
                    "item_first":"content-footer", 
                    "item_last":"Copyright © 2023 FengmStudio CoffeeKiller, All rights reserved" 
                },
                {
                    "item_first":"content-footer", 
                    "item_last":"图片来源于网络,如有侵权请告知删除" 
                }
            ]
        }
    }
  }